{"stats":{"minecraft:dropped":{"minecraft:wheat_seeds":3,"minecraft:crafting_table":1,"minecraft:cobblestone":7,"minecraft:leather":3,"delightful:green_tea_leaf":1,"minecraft:coal":10,"friendsandfoes:totem_of_illusion":1,"minecraft:stick":2,"minecraft:dirt":1,"minecraft:wooden_axe":1,"minecraft:gravel":7,"minecraft:soul_soil":1,"minecraft:stone_sword":1,"minecraft:bowl":3,"minecraft:stone_shovel":1,"minecraft:shield":1,"minecraft:golden_sword":1,"minecraft:arrow":3,"minecraft:wooden_pickaxe":1,"minecraft:stone_pickaxe":1,"minecraft:cyan_bed":1},"minecraft:picked_up":{"minecraft:crafting_table":6,"minecraft:flower_pot":1,"twigs:roseate_seashell":2,"friendsandfoes:totem_of_illusion":1,"minecraft:golden_sword":1,"minecraft:string":13,"minecraft:oak_trapdoor":26,"minecraft:soul_soil":1,"twigs:opaline_seashell":1,"minecraft:blue_orchid":1,"minecraft:beetroot":2,"minecraft:spruce_planks":2,"twigs:pebble":1,"delightful:acorn":1,"minecraft:beef":8,"minecraft:sugar_cane":14,"delightful:green_tea_leaf":1,"minecraft:chest":2,"minecraft:furnace":2,"minecraft:dark_oak_sapling":5,"quark:music_disc_fire":1,"minecraft:stick":4,"minecraft:raw_iron":7,"minecraft:oak_door":1,"minecraft:torch":1,"minecraft:stone_sword":1,"minecraft:arrow":3,"minecraft:rotten_flesh":8,"minecraft:stone_shovel":1,"minecraft:beetroot_seeds":18,"minecraft:mutton":5,"twigs:tangerine_seashell":2,"minecraft:iron_bars":4,"minecraft:white_wool":3,"minecraft:bone_block":16,"minecraft:cobblestone":41,"minecraft:lilac":1,"minecraft:iron_door":1,"minecraft:black_bed":4,"minecraft:leather":5,"minecraft:potato":69,"delightful:cantaloupe":1,"minecraft:oak_log":26,"minecraft:gunpowder":2,"minecraft:cobblestone_wall":4,"minecraft:dirt":21,"minecraft:lantern":2,"minecraft:bone":4,"minecraft:stone_bricks":1,"minecraft:wheat_seeds":4,"twigs:twig":4,"minecraft:magenta_candle":1,"minecraft:oak_planks":3,"minecraft:book":60,"minecraft:oak_slab":2,"minecraft:sweet_berries":20,"minecraft:poisonous_potato":1,"minecraft:gravel":7,"twigs:bronzed_seashell":1,"minecraft:cyan_bed":3,"minecraft:spider_eye":2,"minecraft:slime_ball":20,"minecraft:lever":1,"minecraft:emerald":5,"minecraft:oak_sapling":13,"minecraft:coal":69},"minecraft:crafted":{"minecraft:oak_planks":104,"minecraft:stone_shovel":1,"minecraft:furnace":2,"minecraft:bone_meal":174,"minecraft:cooked_mutton":5,"minecraft:iron_hoe":1,"minecraft:stone_pickaxe":1,"minecraft:cooked_beef":8,"minecraft:crafting_table":3,"minecraft:baked_potato":25,"minecraft:wooden_pickaxe":1,"minecraft:iron_sword":1,"minecraft:stone_axe":1,"minecraft:air":0,"minecraft:iron_chestplate":1,"minecraft:shield":2,"minecraft:stick":36,"quark:oak_chest":2,"minecraft:iron_ingot":7,"minecraft:iron_pickaxe":1,"minecraft:wooden_axe":1,"minecraft:stone_sword":1,"minecraft:torch":68},"minecraft:used":{"minecraft:beetroot":2,"minecraft:stone_sword":63,"minecraft:chest":1,"minecraft:shield":4,"minecraft:iron_sword":127,"minecraft:oak_door":1,"minecraft:torch":19,"minecraft:magenta_candle":1,"minecraft:iron_hoe":61,"minecraft:lantern":1,"minecraft:golden_sword":20,"minecraft:sweet_berries":21,"minecraft:furnace":4,"minecraft:cooked_beef":8,"minecraft:potato":32,"minecraft:beetroot_soup":1,"minecraft:cooked_mutton":5,"minecraft:baked_potato":2,"minecraft:stone_pickaxe":119,"minecraft:oak_planks":28,"minecraft:wooden_pickaxe":7,"minecraft:crafting_table":8,"minecraft:black_bed":4,"minecraft:bread":23,"minecraft:iron_pickaxe":50,"minecraft:stone_axe":102,"minecraft:cobblestone":4,"quark:oak_chest":2,"alexsmobs:animal_dictionary":1,"delightful:cantaloupe":1,"minecraft:bone_meal":64},"minecraft:killed":{"minecraft:witch":2,"minecraft:spider":1,"minecraft:vindicator":2,"minecraft:slime":30,"minecraft:skeleton":7,"minecraft:illusioner":1,"minecraft:creeper":1,"minecraft:sheep":3,"alexsmobs:cockroach":1,"minecraft:zombie":6,"alexsmobs:crow":1,"minecraft:enderman":1,"minecraft:cow":4},"minecraft:broken":{"minecraft:golden_sword":2},"minecraft:killed_by":{"minecraft:creeper":1,"minecraft:vindicator":6,"minecraft:witch":2},"minecraft:mined":{"biomesoplenty:orange_autumn_leaves":3,"minecraft:spruce_planks":2,"minecraft:oak_door":1,"minecraft:lever":1,"minecraft:grass_block":16,"minecraft:soul_campfire":1,"minecraft:spruce_leaves":6,"biomesoplenty:cattail":1,"minecraft:oak_trapdoor":26,"minecraft:furnace":2,"minecraft:iron_ore":7,"minecraft:andesite":1,"twigs:bronzed_seashell":1,"minecraft:vine":13,"minecraft:bookshelf":20,"minecraft:cobblestone_slab":1,"minecraft:oak_stairs":1,"minecraft:iron_bars":4,"minecraft:lantern":2,"minecraft:stone":26,"minecraft:bone_block":16,"twigs:opaline_seashell":1,"minecraft:oak_slab":2,"twigs:pebble":1,"minecraft:stone_brick_slab":1,"minecraft:oak_fence":2,"minecraft:crafting_table":5,"minecraft:torch":1,"minecraft:emerald_ore":1,"minecraft:mossy_cobblestone_wall":2,"twigs:roseate_seashell":2,"minecraft:chest":2,"minecraft:tall_grass":3,"minecraft:cobblestone":26,"minecraft:cyan_bed":2,"minecraft:potted_oak_sapling":1,"minecraft:sugar_cane":5,"minecraft:oak_planks":3,"minecraft:iron_door":1,"farmersdelight:wild_beetroots":16,"farmersdelight:sandy_shrub":2,"minecraft:coarse_dirt":2,"minecraft:cobblestone_wall":5,"minecraft:sweet_berry_bush":6,"twigs:tangerine_seashell":2,"minecraft:lilac":1,"minecraft:magenta_candle":1,"biomesoplenty:maple_leaves":1,"minecraft:black_bed":4,"minecraft:smooth_stone_slab":1,"minecraft:grass":18,"minecraft:oak_log":27,"minecraft:coal_ore":70,"minecraft:dark_oak_sapling":1,"minecraft:gravel":7,"minecraft:dirt":5,"minecraft:cobweb":31,"minecraft:stone_bricks":2,"minecraft:mossy_stone_bricks":2,"minecraft:oak_leaves":3,"minecraft:fern":5},"minecraft:custom":{"minecraft:interact_with_smithing_table":3,"minecraft:mob_kills":60,"minecraft:interact_with_crafting_table":21,"minecraft:open_barrel":60,"minecraft:bell_ring":10,"minecraft:leave_game":3,"minecraft:time_since_death":1436,"minecraft:climb_one_cm":13028,"minecraft:sprint_one_cm":450731,"minecraft:walk_one_cm":275319,"minecraft:damage_blocked_by_shield":400,"minecraft:drop":23,"minecraft:sneak_time":627,"minecraft:play_time":111463,"minecraft:deaths":9,"minecraft:walk_under_water_one_cm":3285,"minecraft:jump":1720,"minecraft:interact_with_brewingstand":3,"minecraft:interact_with_blast_furnace":2,"minecraft:walk_on_water_one_cm":12799,"minecraft:total_world_time":111463,"minecraft:interact_with_furnace":26,"minecraft:tune_noteblock":7,"minecraft:pot_flower":1,"minecraft:interact_with_grindstone":1,"minecraft:sleep_in_bed":4,"minecraft:time_since_rest":1481,"minecraft:damage_taken":4861,"minecraft:damage_dealt":5720,"twilightforest:life_charms_activated":1,"minecraft:swim_one_cm":38225,"minecraft:fly_one_cm":342753,"minecraft:open_chest":71,"minecraft:crouch_one_cm":2066,"minecraft:interact_with_smoker":4,"minecraft:fall_one_cm":45679,"minecraft:inspect_dispenser":2}},"DataVersion":3465}