{"stats":{"minecraft:custom":{"minecraft:interact_with_furnace":1,"minecraft:mob_kills":2,"minecraft:interact_with_crafting_table":5,"minecraft:tune_noteblock":7,"minecraft:interact_with_grindstone":1,"minecraft:leave_game":1,"minecraft:time_since_death":7173,"minecraft:sleep_in_bed":2,"minecraft:climb_one_cm":3968,"minecraft:time_since_rest":501,"minecraft:sprint_one_cm":81991,"minecraft:walk_one_cm":61996,"minecraft:damage_taken":378,"minecraft:drop":2,"minecraft:damage_dealt":279,"minecraft:swim_one_cm":3773,"minecraft:fly_one_cm":82702,"minecraft:open_chest":10,"minecraft:crouch_one_cm":343,"minecraft:play_time":24110,"minecraft:deaths":1,"minecraft:sneak_time":91,"minecraft:walk_under_water_one_cm":488,"minecraft:jump":414,"minecraft:walk_on_water_one_cm":800,"minecraft:total_world_time":24110,"minecraft:fall_one_cm":10545},"minecraft:killed":{"minecraft:zombie":1,"alexsmobs:crow":1},"minecraft:killed_by":{"minecraft:vindicator":1},"minecraft:picked_up":{"minecraft:crafting_table":4,"minecraft:lilac":1,"twigs:roseate_seashell":2,"minecraft:black_bed":2,"minecraft:oak_log":26,"minecraft:dirt":8,"minecraft:lantern":1,"twigs:opaline_seashell":1,"minecraft:beetroot":2,"minecraft:wheat_seeds":3,"delightful:acorn":1,"twigs:pebble":1,"delightful:green_tea_leaf":1,"twigs:twig":4,"minecraft:sugar_cane":14,"minecraft:chest":1,"minecraft:furnace":1,"minecraft:book":60,"minecraft:sweet_berries":20,"minecraft:gravel":7,"twigs:bronzed_seashell":1,"minecraft:stone_sword":1,"minecraft:rotten_flesh":2,"minecraft:beetroot_seeds":18,"minecraft:oak_sapling":8,"twigs:tangerine_seashell":2,"minecraft:coal":10,"minecraft:bone_block":16,"minecraft:cobblestone":14},"minecraft:used":{"minecraft:beetroot":2,"minecraft:stone_sword":48,"minecraft:stone_pickaxe":41,"minecraft:wooden_pickaxe":7,"minecraft:crafting_table":3,"minecraft:black_bed":1,"minecraft:stone_axe":53,"minecraft:sweet_berries":20},"minecraft:dropped":{"minecraft:wheat_seeds":3,"minecraft:stone_sword":1},"minecraft:crafted":{"minecraft:oak_planks":20,"minecraft:stone_shovel":1,"minecraft:crafting_table":2,"minecraft:wooden_pickaxe":1,"minecraft:bone_meal":162,"minecraft:stone_axe":1,"minecraft:iron_chestplate":1,"minecraft:stick":12,"minecraft:stone_pickaxe":1,"minecraft:wooden_axe":1,"minecraft:stone_sword":1},"minecraft:mined":{"twigs:pebble":1,"minecraft:stone_brick_slab":1,"minecraft:crafting_table":4,"minecraft:grass_block":3,"twigs:roseate_seashell":2,"minecraft:chest":1,"minecraft:cobblestone":1,"minecraft:spruce_leaves":2,"minecraft:sugar_cane":5,"farmersdelight:wild_beetroots":16,"farmersdelight:sandy_shrub":2,"minecraft:coarse_dirt":2,"minecraft:furnace":1,"minecraft:sweet_berry_bush":6,"twigs:tangerine_seashell":2,"minecraft:lilac":1,"minecraft:black_bed":2,"twigs:bronzed_seashell":1,"minecraft:grass":14,"minecraft:bookshelf":20,"minecraft:coal_ore":11,"minecraft:oak_log":27,"minecraft:vine":2,"minecraft:lantern":1,"minecraft:gravel":7,"minecraft:dirt":5,"minecraft:stone":13,"minecraft:bone_block":16,"minecraft:mossy_stone_bricks":1,"minecraft:oak_leaves":3,"twigs:opaline_seashell":1,"minecraft:fern":1}},"DataVersion":3465}