{"stats":{"minecraft:custom":{"minecraft:time_since_rest":1683,"minecraft:interact_with_furnace":1,"minecraft:sprint_one_cm":41860,"minecraft:damage_taken":220,"minecraft:walk_one_cm":31178,"minecraft:mob_kills":1,"minecraft:drop":1,"minecraft:damage_dealt":199,"minecraft:tune_noteblock":7,"minecraft:interact_with_crafting_table":4,"minecraft:swim_one_cm":2451,"minecraft:fly_one_cm":36203,"minecraft:open_chest":1,"minecraft:crouch_one_cm":103,"minecraft:play_time":12110,"minecraft:sneak_time":23,"minecraft:walk_under_water_one_cm":142,"minecraft:jump":175,"minecraft:leave_game":1,"minecraft:time_since_death":12110,"minecraft:walk_on_water_one_cm":502,"minecraft:sleep_in_bed":1,"minecraft:climb_one_cm":2097,"minecraft:total_world_time":12110,"minecraft:fall_one_cm":3673},"minecraft:killed":{"minecraft:zombie":1},"minecraft:used":{"minecraft:stone_sword":20,"minecraft:stone_pickaxe":10,"minecraft:wooden_pickaxe":7,"minecraft:stone_axe":52,"minecraft:sweet_berries":14,"minecraft:crafting_table":2},"minecraft:picked_up":{"minecraft:book":60,"minecraft:crafting_table":3,"minecraft:lilac":1,"minecraft:sweet_berries":20,"twigs:roseate_seashell":2,"twigs:bronzed_seashell":1,"minecraft:oak_log":26,"minecraft:lantern":1,"minecraft:dirt":8,"minecraft:stone_sword":1,"minecraft:rotten_flesh":2,"minecraft:wheat_seeds":3,"twigs:pebble":1,"delightful:acorn":1,"minecraft:chest":1,"minecraft:sugar_cane":14,"minecraft:oak_sapling":8,"twigs:twig":4,"delightful:green_tea_leaf":1,"twigs:tangerine_seashell":2,"minecraft:bone_block":2,"minecraft:cobblestone":13,"minecraft:furnace":1},"minecraft:dropped":{"minecraft:stone_sword":1},"minecraft:crafted":{"minecraft:oak_planks":16,"minecraft:stone_shovel":1,"minecraft:crafting_table":1,"minecraft:stick":12,"minecraft:wooden_pickaxe":1,"minecraft:stone_pickaxe":1,"minecraft:wooden_axe":1,"minecraft:stone_sword":1,"minecraft:bone_meal":21,"minecraft:stone_axe":1},"minecraft:mined":{"twigs:pebble":1,"minecraft:furnace":1,"twigs:tangerine_seashell":2,"minecraft:sweet_berry_bush":6,"minecraft:lilac":1,"twigs:bronzed_seashell":1,"minecraft:crafting_table":3,"minecraft:grass":13,"minecraft:bookshelf":20,"minecraft:grass_block":3,"minecraft:oak_log":27,"twigs:roseate_seashell":2,"minecraft:vine":2,"minecraft:chest":1,"minecraft:lantern":1,"minecraft:dirt":5,"minecraft:bone_block":2,"minecraft:spruce_leaves":2,"minecraft:stone":13,"minecraft:sugar_cane":5,"minecraft:oak_leaves":3,"minecraft:fern":1}},"DataVersion":3465}