{"stats":{"minecraft:custom":{"minecraft:interact_with_furnace":3,"minecraft:mob_kills":7,"minecraft:interact_with_crafting_table":7,"minecraft:tune_noteblock":7,"minecraft:interact_with_grindstone":1,"minecraft:leave_game":1,"minecraft:time_since_death":19173,"minecraft:sleep_in_bed":2,"minecraft:climb_one_cm":3968,"minecraft:time_since_rest":12501,"minecraft:sprint_one_cm":114880,"minecraft:walk_one_cm":82429,"minecraft:damage_taken":663,"minecraft:drop":7,"minecraft:damage_dealt":1037,"minecraft:swim_one_cm":4966,"minecraft:fly_one_cm":128982,"minecraft:open_chest":14,"minecraft:crouch_one_cm":382,"minecraft:play_time":36110,"minecraft:deaths":1,"minecraft:sneak_time":116,"minecraft:walk_under_water_one_cm":1009,"minecraft:jump":677,"minecraft:walk_on_water_one_cm":2365,"minecraft:total_world_time":36110,"minecraft:fall_one_cm":18444},"minecraft:killed":{"minecraft:skeleton":4,"minecraft:zombie":2,"alexsmobs:crow":1},"minecraft:killed_by":{"minecraft:vindicator":1},"minecraft:picked_up":{"minecraft:crafting_table":4,"minecraft:lilac":1,"twigs:roseate_seashell":2,"minecraft:black_bed":2,"minecraft:oak_log":26,"minecraft:dirt":9,"minecraft:lantern":1,"minecraft:bone":4,"twigs:opaline_seashell":1,"minecraft:beetroot":2,"minecraft:wheat_seeds":3,"delightful:acorn":1,"twigs:pebble":1,"delightful:green_tea_leaf":1,"twigs:twig":4,"minecraft:sugar_cane":14,"minecraft:chest":1,"minecraft:furnace":2,"minecraft:book":60,"quark:music_disc_fire":1,"minecraft:raw_iron":3,"minecraft:sweet_berries":20,"minecraft:gravel":7,"twigs:bronzed_seashell":1,"minecraft:arrow":3,"minecraft:stone_sword":1,"minecraft:rotten_flesh":2,"minecraft:beetroot_seeds":18,"minecraft:emerald":1,"minecraft:oak_sapling":8,"twigs:tangerine_seashell":2,"minecraft:coal":69,"minecraft:bone_block":16,"minecraft:cobblestone":16},"minecraft:used":{"minecraft:beetroot":2,"minecraft:stone_sword":63,"minecraft:stone_pickaxe":119,"minecraft:oak_planks":6,"minecraft:wooden_pickaxe":7,"minecraft:torch":10,"minecraft:crafting_table":5,"minecraft:black_bed":1,"minecraft:iron_pickaxe":1,"minecraft:bread":6,"minecraft:stone_axe":53,"minecraft:sweet_berries":21,"minecraft:furnace":1},"minecraft:dropped":{"minecraft:gravel":7,"minecraft:wheat_seeds":3,"minecraft:stone_sword":1,"minecraft:cobblestone":7,"delightful:green_tea_leaf":1,"minecraft:dirt":1,"minecraft:arrow":3},"minecraft:crafted":{"minecraft:oak_planks":28,"minecraft:stone_shovel":1,"minecraft:crafting_table":2,"minecraft:wooden_pickaxe":1,"minecraft:bone_meal":174,"minecraft:stone_axe":1,"minecraft:air":0,"minecraft:iron_chestplate":1,"minecraft:stick":20,"minecraft:iron_ingot":3,"minecraft:iron_pickaxe":1,"minecraft:stone_pickaxe":1,"minecraft:wooden_axe":1,"minecraft:stone_sword":1,"minecraft:torch":16},"minecraft:mined":{"twigs:pebble":1,"minecraft:stone_brick_slab":1,"minecraft:crafting_table":4,"minecraft:emerald_ore":1,"minecraft:grass_block":4,"twigs:roseate_seashell":2,"minecraft:chest":1,"minecraft:cobblestone":5,"minecraft:spruce_leaves":2,"minecraft:sugar_cane":5,"farmersdelight:wild_beetroots":16,"farmersdelight:sandy_shrub":2,"minecraft:coarse_dirt":2,"minecraft:furnace":2,"minecraft:iron_ore":3,"minecraft:sweet_berry_bush":6,"twigs:tangerine_seashell":2,"minecraft:lilac":1,"minecraft:andesite":1,"minecraft:black_bed":2,"twigs:bronzed_seashell":1,"minecraft:cobblestone_slab":1,"minecraft:grass":14,"minecraft:bookshelf":20,"minecraft:coal_ore":70,"minecraft:oak_log":27,"minecraft:vine":2,"minecraft:lantern":1,"minecraft:gravel":7,"minecraft:dirt":5,"minecraft:stone":20,"minecraft:bone_block":16,"minecraft:mossy_stone_bricks":1,"minecraft:oak_leaves":3,"twigs:opaline_seashell":1,"minecraft:fern":1}},"DataVersion":3465}