{"stats":{"minecraft:custom":{"minecraft:jump":48,"minecraft:time_since_rest":2352,"minecraft:crouch_one_cm":40,"minecraft:leave_game":1,"minecraft:sprint_one_cm":7309,"minecraft:play_time":2352,"minecraft:damage_taken":120,"minecraft:time_since_death":2352,"minecraft:walk_one_cm":2044,"minecraft:sneak_time":13,"minecraft:total_world_time":2352,"minecraft:fall_one_cm":1730,"minecraft:fly_one_cm":13597},"minecraft:picked_up":{"twigs:pebble":1},"minecraft:mined":{"minecraft:grass":5,"twigs:pebble":1}},"DataVersion":3465}