{"stats":{"minecraft:custom":{"minecraft:interact_with_furnace":4,"minecraft:mob_kills":15,"minecraft:interact_with_crafting_table":7,"minecraft:tune_noteblock":7,"minecraft:interact_with_grindstone":1,"minecraft:leave_game":1,"minecraft:time_since_death":31173,"minecraft:sleep_in_bed":4,"minecraft:climb_one_cm":4025,"minecraft:time_since_rest":8262,"minecraft:sprint_one_cm":163474,"minecraft:walk_one_cm":100071,"minecraft:damage_taken":903,"minecraft:drop":16,"minecraft:damage_dealt":1877,"minecraft:swim_one_cm":14686,"minecraft:fly_one_cm":180305,"minecraft:open_chest":17,"minecraft:crouch_one_cm":1395,"minecraft:play_time":48110,"minecraft:deaths":1,"minecraft:sneak_time":434,"minecraft:walk_under_water_one_cm":1402,"minecraft:jump":923,"minecraft:walk_on_water_one_cm":5288,"minecraft:total_world_time":48110,"minecraft:fall_one_cm":25323},"minecraft:killed":{"minecraft:sheep":3,"minecraft:skeleton":5,"minecraft:zombie":2,"alexsmobs:crow":1,"minecraft:cow":4},"minecraft:killed_by":{"minecraft:vindicator":1},"minecraft:picked_up":{"minecraft:crafting_table":6,"minecraft:lilac":1,"minecraft:leather":5,"twigs:roseate_seashell":2,"minecraft:black_bed":4,"minecraft:oak_log":26,"minecraft:dirt":9,"minecraft:lantern":1,"minecraft:soul_soil":1,"minecraft:bone":4,"twigs:opaline_seashell":1,"minecraft:beetroot":2,"minecraft:wheat_seeds":3,"delightful:acorn":1,"twigs:pebble":1,"minecraft:beef":8,"delightful:green_tea_leaf":1,"twigs:twig":4,"minecraft:sugar_cane":14,"minecraft:chest":1,"minecraft:furnace":2,"minecraft:book":60,"quark:music_disc_fire":1,"minecraft:raw_iron":7,"minecraft:sweet_berries":20,"minecraft:gravel":7,"twigs:bronzed_seashell":1,"minecraft:stone_shovel":1,"minecraft:arrow":3,"minecraft:stone_sword":1,"minecraft:rotten_flesh":2,"minecraft:beetroot_seeds":18,"minecraft:emerald":1,"minecraft:mutton":5,"minecraft:oak_sapling":8,"minecraft:white_wool":3,"twigs:tangerine_seashell":2,"minecraft:coal":69,"minecraft:bone_block":16,"minecraft:cobblestone":18},"minecraft:used":{"minecraft:beetroot":2,"minecraft:stone_sword":63,"minecraft:stone_pickaxe":119,"minecraft:oak_planks":6,"minecraft:chest":1,"minecraft:wooden_pickaxe":7,"minecraft:torch":11,"minecraft:crafting_table":6,"minecraft:black_bed":3,"minecraft:iron_pickaxe":10,"minecraft:bread":14,"minecraft:golden_sword":3,"minecraft:stone_axe":66,"minecraft:sweet_berries":21,"minecraft:furnace":2,"alexsmobs:animal_dictionary":1},"minecraft:dropped":{"minecraft:gravel":7,"minecraft:soul_soil":1,"minecraft:wheat_seeds":3,"minecraft:stone_sword":1,"minecraft:bowl":2,"minecraft:crafting_table":1,"minecraft:stone_shovel":1,"minecraft:cobblestone":7,"minecraft:leather":1,"delightful:green_tea_leaf":1,"minecraft:stick":2,"minecraft:dirt":1,"minecraft:wooden_axe":1,"minecraft:wooden_pickaxe":1,"minecraft:arrow":3,"minecraft:stone_pickaxe":1},"minecraft:crafted":{"minecraft:oak_planks":28,"minecraft:stone_shovel":1,"minecraft:crafting_table":2,"minecraft:wooden_pickaxe":1,"minecraft:bone_meal":174,"minecraft:stone_axe":1,"minecraft:air":0,"minecraft:iron_chestplate":1,"minecraft:stick":20,"minecraft:iron_ingot":3,"minecraft:iron_pickaxe":1,"minecraft:stone_pickaxe":1,"minecraft:wooden_axe":1,"minecraft:stone_sword":1,"minecraft:torch":16},"minecraft:mined":{"biomesoplenty:orange_autumn_leaves":3,"twigs:pebble":1,"minecraft:stone_brick_slab":1,"minecraft:crafting_table":5,"minecraft:emerald_ore":1,"minecraft:grass_block":4,"twigs:roseate_seashell":2,"minecraft:chest":1,"minecraft:tall_grass":1,"minecraft:soul_campfire":1,"minecraft:cobblestone":5,"minecraft:spruce_leaves":2,"minecraft:sugar_cane":5,"farmersdelight:wild_beetroots":16,"farmersdelight:sandy_shrub":2,"minecraft:coarse_dirt":2,"minecraft:furnace":2,"minecraft:iron_ore":7,"minecraft:sweet_berry_bush":6,"twigs:tangerine_seashell":2,"minecraft:lilac":1,"minecraft:andesite":1,"biomesoplenty:maple_leaves":1,"minecraft:black_bed":4,"twigs:bronzed_seashell":1,"minecraft:cobblestone_slab":1,"minecraft:grass":15,"minecraft:bookshelf":20,"minecraft:coal_ore":70,"minecraft:oak_log":27,"minecraft:vine":2,"minecraft:lantern":1,"minecraft:gravel":7,"minecraft:dirt":5,"minecraft:stone_bricks":1,"minecraft:stone":24,"minecraft:bone_block":16,"minecraft:mossy_stone_bricks":1,"minecraft:oak_leaves":3,"twigs:opaline_seashell":1,"minecraft:fern":1}},"DataVersion":3465}