{"stats":{"minecraft:killed":{"minecraft:zombie":1},"minecraft:dropped":{"minecraft:rotten_flesh":4,"minecraft:dirt":1},"minecraft:killed_by":{"minecraft:zombie":1,"minecraft:player":1},"minecraft:mined":{"minecraft:grass_block":2},"minecraft:custom":{"minecraft:time_since_rest":979,"minecraft:deaths":2,"minecraft:sprint_one_cm":11797,"minecraft:play_time":4948,"minecraft:damage_taken":569,"minecraft:walk_one_cm":19145,"minecraft:damage_blocked_by_shield":120,"minecraft:sneak_time":2,"minecraft:mob_kills":1,"minecraft:drop":5,"minecraft:jump":119,"minecraft:damage_dealt":426,"minecraft:leave_game":2,"minecraft:time_since_death":840,"minecraft:total_world_time":4948,"minecraft:player_kills":1,"minecraft:fall_one_cm":1852,"minecraft:fly_one_cm":14182},"minecraft:used":{"minecraft:netherite_sword":14,"minecraft:shield":1},"minecraft:picked_up":{"minecraft:netherite_boots":2,"minecraft:cooked_beef":64,"minecraft:rotten_flesh":4,"minecraft:netherite_helmet":2,"minecraft:netherite_sword":2,"minecraft:netherite_chestplate":2,"minecraft:shield":2,"minecraft:netherite_leggings":2,"minecraft:dirt":1}},"DataVersion":3465}