{"stats":{"minecraft:custom":{"minecraft:time_since_rest":487,"minecraft:sprint_one_cm":61520,"minecraft:walk_one_cm":58530,"minecraft:damage_taken":1090,"minecraft:mob_kills":12,"minecraft:drop":1,"minecraft:damage_dealt":3014,"minecraft:swim_one_cm":2415,"minecraft:interact_with_crafting_table":3,"minecraft:fly_one_cm":111023,"minecraft:open_chest":1,"minecraft:crouch_one_cm":680,"minecraft:play_time":31172,"minecraft:deaths":3,"minecraft:sneak_time":93,"minecraft:walk_under_water_one_cm":872,"minecraft:jump":489,"minecraft:leave_game":2,"minecraft:time_since_death":411,"minecraft:walk_on_water_one_cm":1841,"minecraft:climb_one_cm":57,"minecraft:total_world_time":31172,"minecraft:fall_one_cm":16063},"minecraft:killed":{"minecraft:skeleton":2,"minecraft:horse":6,"minecraft:pillager":2,"minecraft:pig":1,"minecraft:zombie":1},"minecraft:killed_by":{"minecraft:vindicator":1,"alexsmobs:bison":1,"minecraft:skeleton":1},"minecraft:used":{"minecraft:apple":3,"minecraft:bread":3,"minecraft:stone_pickaxe":17,"minecraft:wooden_pickaxe":3,"biomesoplenty:yellow_autumn_sapling":1,"minecraft:rotten_flesh":2,"minecraft:stone_axe":54,"minecraft:sand":5,"minecraft:cobblestone":2,"minecraft:crafting_table":1},"minecraft:picked_up":{"minecraft:birch_log":5,"minecraft:crafting_table":1,"illagerinvasion:platinum_chunk":2,"minecraft:leather":5,"minecraft:porkchop":3,"minecraft:sand":5,"minecraft:spruce_log":4,"biomesoplenty:yellow_autumn_sapling":1,"minecraft:bone":3,"minecraft:arrow":4,"minecraft:rotten_flesh":2,"minecraft:wheat_seeds":1,"minecraft:emerald":1,"delightful:green_tea_leaf":1,"minecraft:cobblestone":18},"minecraft:dropped":{"delightful:green_tea_leaf":1},"minecraft:crafted":{"minecraft:crafting_table":1,"minecraft:spruce_planks":16,"minecraft:stick":8,"minecraft:wooden_pickaxe":1,"minecraft:stone_pickaxe":1,"minecraft:stone_axe":1},"minecraft:mined":{"minecraft:birch_log":7,"minecraft:spruce_log":4,"minecraft:crafting_table":1,"minecraft:grass":5,"biomesoplenty:high_grass":1,"minecraft:sand":5,"biomesoplenty:high_grass_plant":1,"minecraft:tall_grass":2,"minecraft:spruce_leaves":3,"minecraft:stone":18,"minecraft:fern":2}},"DataVersion":3465}