{"stats":{"minecraft:custom":{"minecraft:time_since_rest":14310,"minecraft:play_time":14310,"minecraft:sprint_one_cm":2001,"minecraft:damage_taken":60,"minecraft:walk_one_cm":10201,"minecraft:drop":1,"minecraft:jump":54,"minecraft:time_since_death":14310,"minecraft:leave_game":2,"minecraft:total_world_time":14310,"minecraft:interact_with_crafting_table":3,"minecraft:fall_one_cm":2272,"minecraft:fly_one_cm":6546},"minecraft:picked_up":{"minecraft:crafting_table":1,"minecraft:spruce_log":4,"delightful:green_tea_leaf":1,"minecraft:cobblestone":6},"minecraft:dropped":{"delightful:green_tea_leaf":1},"minecraft:mined":{"minecraft:grass":1,"minecraft:spruce_log":4,"minecraft:spruce_leaves":3,"minecraft:stone":6,"minecraft:fern":1,"minecraft:crafting_table":1},"minecraft:crafted":{"minecraft:crafting_table":1,"minecraft:stone_axe":1,"minecraft:spruce_planks":16,"minecraft:stick":8,"minecraft:wooden_pickaxe":1,"minecraft:stone_pickaxe":1},"minecraft:used":{"minecraft:stone_axe":1,"minecraft:crafting_table":1,"minecraft:stone_pickaxe":5,"minecraft:wooden_pickaxe":3}},"DataVersion":3465}