{"stats":{"minecraft:custom":{"minecraft:mob_kills":66,"minecraft:interact_with_crafting_table":12,"minecraft:open_barrel":36,"minecraft:bell_ring":1,"minecraft:leave_game":6,"minecraft:time_since_death":8126,"minecraft:climb_one_cm":8770,"minecraft:sprint_one_cm":266626,"minecraft:walk_one_cm":407522,"minecraft:damage_blocked_by_shield":240,"minecraft:drop":23,"minecraft:talked_to_villager":4,"minecraft:play_time":126463,"minecraft:deaths":7,"minecraft:sneak_time":432,"minecraft:walk_under_water_one_cm":4206,"minecraft:interact_with_brewingstand":1,"minecraft:jump":1492,"minecraft:interact_with_blast_furnace":2,"minecraft:walk_on_water_one_cm":7354,"minecraft:total_world_time":126463,"minecraft:interact_with_furnace":7,"minecraft:pot_flower":1,"minecraft:sleep_in_bed":1,"minecraft:time_since_rest":9180,"minecraft:damage_taken":3428,"minecraft:damage_absorbed":40,"minecraft:damage_dealt":11977,"twilightforest:life_charms_activated":1,"minecraft:swim_one_cm":16561,"minecraft:fly_one_cm":324165,"minecraft:open_chest":48,"minecraft:crouch_one_cm":2766,"minecraft:fall_one_cm":39608},"minecraft:picked_up":{"minecraft:crafting_table":4,"illagerinvasion:platinum_chunk":2,"minecraft:flower_pot":1,"friendsandfoes:totem_of_illusion":2,"minecraft:oak_stairs":2,"minecraft:potion":1,"minecraft:shield":1,"minecraft:string":2,"minecraft:soul_soil":1,"biomesoplenty:yellow_autumn_sapling":1,"minecraft:spruce_planks":2,"minecraft:beef":4,"minecraft:iron_nugget":3,"delightful:green_tea_leaf":1,"minecraft:chest":4,"minecraft:egg":1,"minecraft:stick":2,"minecraft:oak_door":1,"minecraft:porkchop":3,"minecraft:arrow":10,"minecraft:rotten_flesh":21,"biomesoplenty:cattail":1,"minecraft:hay_block":7,"minecraft:carved_pumpkin":1,"minecraft:cod":1,"minecraft:cobblestone":61,"minecraft:stripped_oak_log":2,"minecraft:birch_log":5,"minecraft:leather":9,"minecraft:red_mushroom":1,"minecraft:yellow_bed":2,"minecraft:cobblestone_wall":1,"minecraft:gunpowder":1,"minecraft:cobblestone_stairs":1,"minecraft:dirt":1,"minecraft:paper":2,"minecraft:bone":6,"minecraft:wheat_seeds":5,"minecraft:glass_bottle":5,"minecraft:glowstone_dust":2,"twigs:twig":3,"minecraft:oak_planks":2,"minecraft:book":15,"minecraft:sand":5,"minecraft:spruce_sapling":4,"minecraft:blast_furnace":1,"minecraft:spruce_log":28,"illagerinvasion:illusionary_dust":1,"minecraft:spider_eye":5,"minecraft:slime_ball":10,"minecraft:stone_axe":1,"minecraft:emerald":7,"alexsmobs:maggot":2,"minecraft:jack_o_lantern":1,"minecraft:coal":10},"minecraft:dropped":{"farmersdelight:tomato_seeds":5,"minecraft:wheat_seeds":7,"minecraft:glass_bottle":1,"minecraft:cobblestone":5,"delightful:green_tea_leaf":1,"friendsandfoes:totem_of_illusion":1,"minecraft:potion":1,"minecraft:oak_stairs":2,"twigs:twig":3,"minecraft:spruce_sapling":4,"minecraft:stone_axe":1,"minecraft:rotten_flesh":16,"minecraft:stripped_oak_log":2},"minecraft:killed_by":{"alexsmobs:bison":1,"minecraft:vindicator":1,"minecraft:skeleton":1,"minecraft:zombie":4},"minecraft:broken":{"minecraft:stone_axe":3},"minecraft:mined":{"minecraft:spruce_planks":2,"minecraft:oak_door":1,"minecraft:cobblestone_stairs":1,"minecraft:jack_o_lantern":1,"minecraft:grass_block":1,"minecraft:soul_campfire":1,"minecraft:spruce_leaves":3,"minecraft:hay_block":7,"minecraft:potted_red_mushroom":1,"minecraft:bookshelf":5,"biomesoplenty:high_grass":35,"minecraft:vine":2,"minecraft:oak_stairs":1,"minecraft:stripped_oak_log":1,"minecraft:stone":64,"minecraft:crafting_table":4,"delightful:pumpkin_pie":3,"minecraft:blast_furnace":1,"minecraft:chest":4,"biomesoplenty:high_grass_plant":85,"minecraft:tall_grass":19,"minecraft:cobblestone":2,"minecraft:oak_planks":2,"minecraft:cobblestone_wall":1,"minecraft:birch_log":7,"minecraft:spruce_log":31,"minecraft:yellow_bed":2,"minecraft:grass":46,"minecraft:sand":5,"minecraft:fern":6},"minecraft:crafted":{"minecraft:oak_planks":12,"quark:birch_chest":2,"minecraft:leather_leggings":1,"minecraft:leather_boots":1,"minecraft:furnace":1,"minecraft:bookshelf":1,"minecraft:stone_pickaxe":1,"backpacked:backpack":1,"minecraft:crafting_table":2,"minecraft:spruce_planks":16,"minecraft:wooden_pickaxe":1,"minecraft:baked_potato":14,"minecraft:leather_helmet":1,"minecraft:birch_planks":20,"minecraft:stone_axe":2,"minecraft:bread":4,"minecraft:air":0,"minecraft:stick":8},"minecraft:killed":{"illagerinvasion:archivist":1,"minecraft:witch":7,"minecraft:cod":2,"minecraft:slime":14,"illagerinvasion:basher":1,"minecraft:horse":6,"minecraft:skeleton":10,"minecraft:pig":1,"minecraft:salmon":1,"illagerinvasion:alchemist":1,"minecraft:pillager":2,"minecraft:zombie":17,"alexsmobs:fly":1,"minecraft:cow":2},"minecraft:used":{"quark:birch_chest":2,"minecraft:chest":4,"minecraft:shield":5,"minecraft:rotten_flesh":4,"minecraft:torch":3,"minecraft:carrot":7,"alexsmobs:maggot":2,"minecraft:bookshelf":1,"friendsandfoes:totem_of_illusion":1,"minecraft:furnace":1,"minecraft:stone_pickaxe":74,"minecraft:baked_potato":2,"minecraft:wooden_pickaxe":3,"minecraft:golden_apple":1,"biomesoplenty:rainbow_birch_sapling":1,"minecraft:sand":5,"minecraft:crafting_table":5,"minecraft:blast_furnace":1,"minecraft:cod":1,"minecraft:flower_pot":1,"minecraft:apple":3,"minecraft:bread":16,"biomesoplenty:yellow_autumn_sapling":1,"minecraft:stone_axe":243,"minecraft:cobblestone":4,"minecraft:potion":1,"minecraft:porkchop":3,"minecraft:yellow_bed":2}},"DataVersion":3465}