{"stats":{"minecraft:custom":{"minecraft:mob_kills":22,"minecraft:interact_with_crafting_table":6,"minecraft:open_barrel":2,"minecraft:bell_ring":1,"minecraft:leave_game":3,"minecraft:time_since_death":6021,"minecraft:sleep_in_bed":1,"minecraft:climb_one_cm":381,"minecraft:time_since_rest":7621,"minecraft:sprint_one_cm":121816,"minecraft:damage_taken":1910,"minecraft:walk_one_cm":160453,"minecraft:drop":14,"minecraft:damage_dealt":4587,"minecraft:swim_one_cm":6511,"minecraft:talked_to_villager":4,"minecraft:fly_one_cm":170275,"minecraft:open_chest":5,"minecraft:crouch_one_cm":1012,"minecraft:play_time":57331,"minecraft:deaths":6,"minecraft:sneak_time":137,"minecraft:walk_under_water_one_cm":3245,"minecraft:jump":763,"minecraft:interact_with_blast_furnace":1,"minecraft:walk_on_water_one_cm":2454,"minecraft:total_world_time":57331,"minecraft:fall_one_cm":23517},"minecraft:killed":{"minecraft:pig":1,"minecraft:salmon":1,"minecraft:cod":2,"minecraft:horse":6,"minecraft:skeleton":3,"minecraft:pillager":2,"minecraft:zombie":7},"minecraft:killed_by":{"minecraft:vindicator":1,"minecraft:skeleton":1,"minecraft:zombie":3,"alexsmobs:bison":1},"minecraft:broken":{"minecraft:stone_axe":1},"minecraft:used":{"minecraft:stone_pickaxe":21,"minecraft:chest":2,"minecraft:wooden_pickaxe":3,"minecraft:rotten_flesh":4,"biomesoplenty:rainbow_birch_sapling":1,"minecraft:sand":5,"minecraft:crafting_table":3,"minecraft:cod":1,"minecraft:apple":3,"minecraft:bread":3,"biomesoplenty:yellow_autumn_sapling":1,"minecraft:stone_axe":87,"minecraft:cobblestone":4,"minecraft:porkchop":3,"minecraft:yellow_bed":1},"minecraft:picked_up":{"minecraft:stripped_oak_log":2,"minecraft:birch_log":5,"minecraft:crafting_table":2,"illagerinvasion:platinum_chunk":2,"minecraft:leather":5,"minecraft:oak_stairs":2,"minecraft:yellow_bed":1,"biomesoplenty:yellow_autumn_sapling":1,"minecraft:bone":3,"minecraft:wheat_seeds":4,"delightful:green_tea_leaf":1,"minecraft:chest":2,"minecraft:oak_planks":1,"minecraft:oak_door":1,"minecraft:porkchop":3,"minecraft:sand":5,"minecraft:blast_furnace":1,"minecraft:spruce_log":4,"minecraft:arrow":4,"minecraft:rotten_flesh":15,"minecraft:stone_axe":1,"minecraft:hay_block":7,"minecraft:emerald":1,"minecraft:cod":1,"minecraft:cobblestone":18},"minecraft:dropped":{"farmersdelight:tomato_seeds":5,"minecraft:stone_axe":1,"minecraft:wheat_seeds":7,"minecraft:rotten_flesh":11,"minecraft:stripped_oak_log":2,"delightful:green_tea_leaf":1,"minecraft:oak_stairs":2},"minecraft:crafted":{"minecraft:crafting_table":1,"minecraft:spruce_planks":16,"minecraft:wooden_pickaxe":1,"minecraft:stone_axe":2,"minecraft:stick":8,"minecraft:stone_pickaxe":1},"minecraft:mined":{"minecraft:oak_door":1,"minecraft:crafting_table":2,"minecraft:blast_furnace":1,"minecraft:chest":2,"biomesoplenty:high_grass_plant":85,"minecraft:tall_grass":19,"minecraft:cobblestone":1,"minecraft:spruce_leaves":3,"minecraft:oak_planks":1,"minecraft:hay_block":7,"minecraft:birch_log":7,"minecraft:spruce_log":4,"minecraft:yellow_bed":1,"minecraft:grass":44,"biomesoplenty:high_grass":35,"minecraft:oak_stairs":1,"minecraft:sand":5,"minecraft:stripped_oak_log":1,"minecraft:stone":18,"minecraft:fern":3}},"DataVersion":3465}