{"stats":{"minecraft:killed_by":{"minecraft:player":1,"minecraft:zombie":6},"minecraft:crafted":{"minecraft:oak_planks":4,"minecraft:crafting_table":1},"minecraft:used":{"minecraft:oak_log":1,"minecraft:netherite_sword":29,"minecraft:ghast_spawn_egg":1,"minecraft:apple":1,"minecraft:elder_guardian_spawn_egg":1,"minecraft:panda_spawn_egg":1,"born_in_chaos_v1:nightmare_scythe":1,"minecraft:shield":4,"minecraft:zombie_spawn_egg":28,"alexsmobs:spawn_egg_anaconda":1,"minecraft:golden_apple":1,"minecraft:wooden_sword":22,"minecraft:dirt":10,"minecraft:crafting_table":1,"minecraft:cooked_beef":3,"minecraft:endermite_spawn_egg":1},"minecraft:custom":{"minecraft:time_since_rest":17140,"minecraft:damage_absorbed":40,"minecraft:sprint_one_cm":78288,"minecraft:damage_taken":2321,"minecraft:walk_one_cm":110669,"minecraft:damage_blocked_by_shield":440,"minecraft:mob_kills":13,"minecraft:drop":10,"minecraft:damage_dealt":2398,"minecraft:fly_one_cm":110343,"minecraft:player_kills":1,"minecraft:crouch_one_cm":480,"minecraft:play_time":35213,"minecraft:deaths":7,"minecraft:sneak_time":606,"minecraft:jump":538,"minecraft:leave_game":5,"minecraft:time_since_death":17108,"minecraft:total_world_time":35213,"minecraft:fall_one_cm":15318},"minecraft:mined":{"minecraft:birch_leaves":3,"minecraft:grass":4,"minecraft:grass_block":11,"minecraft:oak_log":2,"minecraft:dirt":1,"minecraft:oak_leaves":25},"minecraft:killed":{"minecraft:skeleton":1,"minecraft:zombie":5,"minecraft:panda":1,"alexsmobs:anaconda":1,"minecraft:chicken":2,"minecraft:ghast":1,"minecraft:endermite":1,"minecraft:spider":1},"minecraft:picked_up":{"minecraft:feather":3,"minecraft:netherite_boots":1,"minecraft:stick":5,"minecraft:cooked_beef":30,"minecraft:chicken":2,"minecraft:oak_log":2,"minecraft:shield":1,"minecraft:dirt":12,"minecraft:netherite_leggings":1,"minecraft:string":1,"minecraft:bone":4,"minecraft:arrow":5,"minecraft:rotten_flesh":18,"minecraft:apple":1,"minecraft:netherite_helmet":1,"minecraft:wheat_seeds":1,"minecraft:netherite_sword":1,"minecraft:netherite_chestplate":1,"minecraft:bamboo":1},"minecraft:dropped":{"minecraft:shield":1,"minecraft:cooked_beef":32,"minecraft:netherite_sword":1,"minecraft:netherite_chestplate":1,"minecraft:netherite_boots":1,"minecraft:netherite_helmet":1,"minecraft:rotten_flesh":6,"minecraft:netherite_leggings":1}},"DataVersion":3465}